{
    "loss": 1.4356924295425415,
    "accuracy": 0.4166666567325592
}