{
    "loss": 1.00848388671875,
    "accuracy": 0.4166666567325592
}