{
    "loss": 1.2475858926773071,
    "accuracy": 0.3333333432674408
}